id,first_name,last_name,email,password
,,,,
2,Marie-françoise,Leftwich,oleftwich1@guardian.co.uk,Acura
3,Estée,Crownshaw,scrownshaw2@xing.com,Mitsubishi
4,Maïlys,Ferrige,kferrige3@nature.com,Infiniti
5,Régine,Coger,lcoger4@list-manage.com,Dodge
6,Solène,Bearcock,mbearcock5@nbcnews.com,GMC
7,Réjane,Duncklee,lduncklee6@bravesites.com,Lamborghini
8,Clélia,Lippard,rlippard7@globo.com,Nissan
9,Angèle,Echlin,mechlin8@netlog.com,Cadillac
10,Edmée,Gaylord,cgaylord9@trellian.com,Chevrolet
11,Publicité,Lanceley,elanceleya@tripadvisor.com,Ford
12,Alizée,Caukill,acaukillb@hp.com,Infiniti
13,Rachèle,Coners,gconersc@slate.com,Mercedes-Benz
14,Adélaïde,Moggle,mmoggled@xinhuanet.com,BMW
15,Bécassine,Swaine,gswainee@wikispaces.com,Ford
16,Maï,Kobelt,mkobeltf@sitemeter.com,GMC
17,Judicaël,Clendennen,yclendenneng@abc.net.au,Ford
18,Kévina,D'Hooghe,idhoogheh@bbb.org,Audi
19,Audréanne,Chumley,bchumleyi@tuttocitta.it,Pontiac
20,Laïla,Sharpling,msharplingj@abc.net.au,Mitsubishi
21,Sélène,Aneley,baneleyk@rambler.ru,Ford
22,Marie-thérèse,McCamish,fmccamishl@europa.eu,Toyota
23,Vénus,Ewell,fewellm@intel.com,Mitsubishi
24,Sélène,Du Fray,jdufrayn@simplemachines.org,Mercury
25,Véronique,Yegorshin,vyegorshino@techcrunch.com,Volkswagen
26,Judicaël,Brummell,rbrummellp@apple.com,Mitsubishi
27,Erwéi,Gue,lgueq@indiatimes.com,GMC
28,Joséphine,Manterfield,mmanterfieldr@cafepress.com,Ford
29,Joséphine,Boustead,bbousteads@nbcnews.com,Toyota
30,Lèi,Millsom,smillsomt@wikimedia.org,BMW
31,Célestine,Muggeridge,mmuggeridgeu@si.edu,Lexus
32,Dù,Chaney,mchaneyv@illinois.edu,Pontiac
33,Naëlle,Lavarack,nlavarackw@about.com,GMC
34,Måns,Ottewill,cottewillx@vkontakte.ru,Kia
35,Aí,Dyton,ldytony@va.gov,Lincoln
36,Annotée,Fallanche,lfallanchez@a8.net,Plymouth
37,Maëlle,Farmery,nfarmery10@theatlantic.com,Toyota
38,Nuó,Saffon,lsaffon11@1688.com,Ford
39,Zhì,Gonnin,ngonnin12@sitemeter.com,Mercedes-Benz
40,Loïs,Cockell,acockell13@eventbrite.com,Oldsmobile
41,Miléna,Rawsthorne,brawsthorne14@altervista.org,Porsche
42,Valérie,Dunkersley,cdunkersley15@xing.com,Land Rover
43,Pò,Longfoot,plongfoot16@w3.org,Kia
44,Maïté,Lockless,glockless17@smh.com.au,Ford
45,Pénélope,Rubinsztein,vrubinsztein18@businesswire.com,Porsche
46,Inès,Barnshaw,vbarnshaw19@desdev.cn,Dodge
47,Maëlann,Belk,kbelk1a@oaic.gov.au,Land Rover
48,Méryl,Tonna,rtonna1b@bluehost.com,GMC
49,Maïly,Otter,wotter1c@amazon.co.uk,BMW
50,Inès,Ryley,dryley1d@list-manage.com,Ford
51,Naëlle,Wabersinke,cwabersinke1e@instagram.com,Mazda
52,Léane,Batman,dbatman1f@slideshare.net,Chevrolet
53,Publicité,Kunath,jkunath1g@telegraph.co.uk,Maserati
54,Salomé,Gordge,sgordge1h@psu.edu,Pontiac
55,Marie-hélène,Fagan,mfagan1i@themeforest.net,BMW
56,Léandre,Morrallee,nmorrallee1j@whitehouse.gov,Hyundai
57,Stéphanie,Campa,scampa1k@360.cn,Ford
58,Gérald,Klimko,kklimko1l@unicef.org,Dodge
59,Marie-françoise,Ling,gling1m@bigcartel.com,Bentley
60,Ruì,Habberjam,hhabberjam1n@aol.com,Oldsmobile
61,Esbjörn,Drummond,ndrummond1o@usnews.com,Pontiac
62,Pò,Stonebanks,bstonebanks1p@usatoday.com,Volkswagen
63,Dù,Wykey,bwykey1q@bravesites.com,GMC
64,Lài,Colledge,kcolledge1r@technorati.com,Mazda
65,Rébecca,Woolrich,ewoolrich1s@nationalgeographic.com,Kia
66,Adélaïde,Sweetmore,hsweetmore1t@theatlantic.com,Volkswagen
67,Geneviève,McCarter,tmccarter1u@engadget.com,Ford
68,Cécilia,Abbatini,kabbatini1v@sphinn.com,Land Rover
69,Angèle,Gerald,hgerald1w@google.fr,Toyota
70,Renée,Folkard,tfolkard1x@google.co.jp,Dodge
71,Dorothée,Dunsmore,pdunsmore1y@github.io,Hyundai
72,Anaé,Aleveque,maleveque1z@illinois.edu,BMW
73,Loïc,Loyd,dloyd20@ft.com,Audi
74,Intéressant,Matys,tmatys21@spotify.com,BMW
75,Séréna,Folder,lfolder22@webnode.com,BMW
76,Marlène,Savidge,jsavidge23@va.gov,Kia
77,Mélina,Duckers,bduckers24@thetimes.co.uk,Cadillac
78,Pål,McCalister,mmccalister25@infoseek.co.jp,Volkswagen
79,Mén,Blemings,tblemings26@nba.com,Jeep
80,Tú,Westhofer,jwesthofer27@usa.gov,Toyota
81,Vérane,Parkyns,kparkyns28@mapquest.com,Audi
82,Aurélie,Clemitt,vclemitt29@utexas.edu,GMC
83,Mårten,Pepon,fpepon2a@plala.or.jp,GMC
84,Dafnée,Stracey,mstracey2b@wix.com,Dodge
85,Léonie,Toon,jtoon2c@sciencedirect.com,GMC
86,Dafnée,Purdie,npurdie2d@forbes.com,Suzuki
87,Mélina,Golsworthy,rgolsworthy2e@weibo.com,Porsche
88,Maïlis,Manthorpe,jmanthorpe2f@hatena.ne.jp,Subaru
89,Aimée,Parkman,pparkman2g@weather.com,Land Rover
90,Amélie,Tamblingson,ntamblingson2h@irs.gov,Subaru
91,Faîtes,Burness,mburness2i@digg.com,Chevrolet
92,Gaëlle,Schubert,aschubert2j@slate.com,Dodge
93,Solène,Goodered,agoodered2k@networksolutions.com,Oldsmobile
94,Camélia,Groucutt,sgroucutt2l@weebly.com,Volvo
95,Hélèna,Quartly,uquartly2m@facebook.com,Subaru
96,Jú,Sopp,asopp2n@sciencedirect.com,Mazda
97,Wá,Bulpitt,ibulpitt2o@dell.com,Suzuki
98,Bérangère,Holtaway,aholtaway2p@oaic.gov.au,Mercury
99,Marie-noël,Wingate,rwingate2q@ifeng.com,GMC
100,Gwenaëlle,Grichukhanov,ggrichukhanov2r@wikipedia.org,Saab
